Coach_ID,Coach_Name,Gender,Country,Sport
1,'John Doe','M','MY','clout shooting'
2,'Jane Smith','M','MY','field archery'
3,'Mike Brown','M','MY','flight shooting'
4,'Emily White','M','MY','kyūdō'
5,'Chris Green','M','MY','roving'
6,'Sarah Black','M','MY','association croquet'
7,'James Blue','M','MY','badminton'
8,'Anna Grey','M','MY','biathlon'
9,'David Red','M','MY','birling'
10,'Olivia Pink','M','MY','boccie'
11,'Daniel Yellow','M','MY','bodybuilding'
12,'Mia Purple','M','MY','boules'
13,'Liam Orange','M','MY','bowling'
14,'Ava Brown','M','MY','candlepins'
15,'Noah Silver','M','MY','cocked hat'
16,'Sophia Gold','M','MY','duckpins'
17,'Lucas Teal','M','MY','ninepins'
18,'Isabella Coral','M','MY','skittles'
19,'Ethan Indigo','M','MY','bowls'
20,'Charlotte Lime','M','MY','boxing'
21,'Jackson Olive','M','MY','croquet'
22,'Amelia Mint','M','MY','cross-country'
23,'Aiden Cherry','M','MY','darts'
24,'Harper Plum','M','MY','deck tennis'
25,'Samuel Maroon','M','MY','diving'
26,'Mason Beige','M','MY','fencing'
27,'Ella Cyan','M','MY','kendo'
28,'Henry Magenta','M','MY','golf'
29,'Victoria Peach','M','MY','gymnastics'
30,'Logan Tan','M','MY','balance beam'
31,'Aria Gray','M','MY','floor exercise'
32,'Owen Salmon','M','MY','horizontal bar'
33,'Scarlett Lavender','M','MY','parallel bars'
34,'Maverick Raspberry','M','MY','pommel horse'
35,'Ella Rose','M','MY','rhythmic gymnastics'
36,'Daniel Mint','M','MY','rings'
37,'Hannah Amber','M','MY','uneven parallel bars'
38,'Wyatt Aquamarine','M','MY','vaulting'
39,'Layla Pearl','M','MY','handball'
40,'Sebastian Steel','M','MY','horseshoe pitching'
41,'Zoe Bronze','M','MY','jai alai'
42,'Gavin Black','M','MY','martial arts'
43,'Chloe White','F','MY','aikido'
44,'Elijah Indigo','F','MY','capoeira'
45,'Grace Golden','F','MY','hapkido'
46,'Carter Violet','F','MY','judo'
47,'Addison Burgundy','F','MY','jujitsu'
48,'Landon Chartreuse','F','MY','karate'
49,'Lucy Salmon','F','MY','kendō'
50,'Lincoln Olive','F','AUS','kung fu'
51,'Natalie Chocolate','F','AUS','pankration'
52,'Austin Cyan','F','AUS','savate'
53,'Ellie Gray','F','AUS','tai chi chuan'
54,'Brayden Purple','F','AUS','tae kwon do'
55,'Nora Tangerine','F','AUS','mountaineering'
56,'Gabriel Coral','F','AUS','orienteering'
57,'Madison Mint','F','AUS','pall-mall'
58,'Hunter Magenta','F','AUS','pelota'
59,'Samantha Lime','F','AUS','pentathlon'
60,'Colton Teal','F','AUS','quoits'
61,'Peyton Gold','F','AUS','rackets'
62,'Nicholas Pink','F','AUS','racquetball'
63,'Alyssa Beige','F','AUS','real tennis'
64,'Dylan Orange','F','AUS','shooting'
65,'Mila Blue','F','AUS','skeet shooting'
66,'Zachary Coral','F','AUS','trapshooting'
67,'Cora Indigo','F','AUS','shuffleboard'
68,'Nathan Purple','F','AUS','skating'
69,'Victoria Gray','F','AUS','ice skating'
70,'Harrison Tan','F','AUS','figure skating'
71,'Madeline Raspberry','F','AUS','speed skating'
72,'Ian Salmon','F','AUS','short-track speed skating'
73,'Penelope White','F','AUS','roller-skating'
74,'Dominic Magenta','F','AUS','skibobbing'
75,'Aurora Lavender','F','AUS','skiing'
76,'Julian Beige','F','AUS','Alpine skiing'
77,'Bella Cyan','F','AUS','downhill skiing'
78,'Thomas Coral','F','AUS','slalom'
79,'Natalia Plum','F','AUS','freestyle skiing'
80,'Leo Gray','F','AUS','Nordic skiing'
81,'Lila Gold','F','AUS','cross-country skiing'
82,'Xavier Brown','F','AUS','ski jumping'
83,'Riley Pink','F','AUS','speed skiing'
84,'Brandon Orange','F','AUS','waterskiing'
85,'Addison Lime','F','AUS','snowboarding'
86,'Aiden Teal','F','AUS','squash rackets'
87,'Claire Violet','F','USA','squash tennis'
88,'Logan Indigo','F','USA','swimming'
89,'Eva Coral','F','USA','synchronized swimming'
90,'Isaiah Purple','F','USA','tennis'
91,'Daphne Tan','F','USA','paddle tennis'
92,'Jason Blue','F','USA','table tennis'
93,'Sophie Mint','F','USA','track-and-field sports/athletics'
94,'Caleb Gray','F','USA','decathlon'
95,'Lily Burgundy','F','USA','discus throw'
96,'Tyler Olive','F','USA','hammer throw'
97,'Julia Golden','F','USA','heptathlon'
98,'Adrian Black','F','USA','high jump'
99,'Nina Lavender','F','USA','javelin throw'
100,'Gavin Coral','F','USA','long jump'
101,'Yamileth Mena','F','USA','pole vault'
102,'Jaylen Connelly','F','USA','running'
103,'Aaliyah Coronado','F','USA','hurdling'
104,'Sequoia Stanley','F','USA','long-distance running'
105,'Ramiro Slocum','F','USA','marathon'
106,'Valeria Cullen','F','USA','middle-distance running'
107,'Kami Richey','F','USA','sprint'
108,'Cherokee Whitley','F','USA','steeplechase'
109,'Yosef Cline','F','USA','shot put'
110,'Charlie Andersen','F','USA','triple jump'
111,'Gunner Lott','F','USA','triathlon'
112,'Chyanne Vergara','F','USA','underwater diving'
113,'Brennen Sample','F','USA','weightlifting'
114,'Harold Helton','F','USA','powerlifting'
115,'Carley Stock','F','USA','weight throw'
116,'Jorge Heim','F','USA','wrestling'
117,'Nelly Hillman','F','USA','catch-as-catch-can wrestling'
118,'Russell Paredes','F','USA','Cornish wrestling'
119,'Dalila Neely','F','USA','Cumberland wrestling'
120,'Damon Pearson','F','USA','freestyle wrestling'
121,'Caley Aviles','F','USA','Greco-Roman wrestling'
122,'Treyton Ott','F','USA','sambo'
123,'Paxton Eddy','F','USA','Schwingen'
124,'Erica Villarreal','F','USA','sumo'
125,'London Colon','F','USA','archery'
126,'Darwin Julian','F','USA','association croquet'
127,'Shira Zeigler','F','USA','badminton'
128,'Jayden Madrid','F','USA','bandy'
129,'Lillie Lim','F','USA','baseball'
130,'Deangelo Dell','F','USA','basketball'
131,'Tyrek Workman','F','USA','biathlon'
132,'Whitney Haas','F','USA','boccie'
133,'Joselin Forte','F','USA','boules'
134,'Yolanda Moulton','F','USA','bowling'
135,'Tristan Maas','F','USA','candlepins'
136,'Ryley Perez','F','USA','cocked hat'
137,'Jennifer Waller','F','USA','duckpins'
138,'Dakota Luciano','F','USA','bowls'
139,'Connor Forman','F','USA','cricket'
140,'Jamie Grice','F','USA','Twenty20 cricket'
141,'Alejandro Han','F','USA','croquet'
142,'Sunny Crabtree','F','USA','cross-country'
143,'Cayden Kirk','F','USA','curling'
144,'Adonis Bassett','F','USA','darts'
145,'Keaton Murry','F','USA','deck tennis'
146,'Kiera Fisk','F','USA','Eisstockschiessen'
147,'Blaise Muir','F','USA','field hockey'
148,'Kalen Riggs','F','USA','fives'
149,'Saul Masterson','F','USA','football'
150,'John Powell','F','USA','Australian rules football'
151,'Lizet Emerson','F','USA','football (soccer)'
152,'Domenic Rucker','F','USA','Gaelic football'
153,'Joslyn Lunsford','F','USA','gridiron football'
154,'Shekinah Gilchrist','F','USA','rugby'
155,'Kallie Delacruz','F','USA','gymnastics'
156,'Casey Havens','F','USA','rhythmic gymnastics'
157,'Alexandre Rao','F','USA','handball'
158,'Bridgett Alvarez','F','USA','Hooverball'
159,'Danae Morrison','F','USA','horseshoe pitching'
160,'Jeanette Robison','F','USA','hurling'
161,'Kelsea Hein','F','USA','ice hockey'
162,'Demetria Villalobos','F','USA','jai alai'
163,'Sean Spivey','F','USA','kabaddi'
164,'Trae Delgadillo','F','USA','korfball'
165,'Tomas Horowitz','F','USA','lacrosse'
166,'Byron Vazquez','F','USA','box lacrosse'
167,'Brennon Levesque','F','USA','netball'
168,'Corrine Haase','F','USA','orienteering'
169,'Matteo Donovan','F','UK','pelota'
170,'Robert Weiss','F','UK','rackets'
171,'Callie McClellan','F','UK','racquetball'
172,'Giselle Rincon','F','UK','real tennis'
173,'Elliott Sanders','F','UK','rounders'
174,'Xochitl Clapp','F','UK','skating'
175,'Marlon Briones','M','UK','figure skating'
176,'Derek Shepherd','M','UK','roller-skating'
177,'Tyrek Frost','M','UK','speed skating'
178,'Jamar Byrne','M','UK','skiing'
179,'Ronald Meza','M','UK','Nordic skiing'
180,'Stone Hays','M','UK','cross-country skiing'
181,'Joaquin Falcon','M','UK','shinty'
182,'Jaylen Crocker','M','UK','shuffleboard'
183,'Mika Hanlon','M','UK','softball'
184,'Destiney Calderon','M','UK','squash rackets'
185,'Shelton Nadeau','M','UK','swimming'
186,'Monika McManus','M','UK','synchronized swimming'
187,'Mikael Machado','M','UK','table tennis'
188,'Gracie Neely','M','UK','team handball'
189,'Aimee Clifton','M','UK','tennis'
190,'Jimmie Haggerty','M','UK','paddle tennis'
191,'Ray Neal','M','UK','table tennis'
192,'Jaiden Watson','M','UK','track-and-field'
193,'Carlee Nance','M','UK','running'
194,'Will Heaton','M','UK','relay race'
195,'Leandra Conner','M','UK','triathlon'
196,'Andie Jansen','M','UK','tug-of-war'
197,'Shea Lea','M','UK','volleyball'
198,'Nestor Sewell','M','UK','water polo'
199,'Luc Gross','M','UK','Diving'
200,'Cristobal Mathis','M','UK','basketball'
201,'Beverly Parnell','M','UK','aerobatics'
202,'Paige Herzog','M','UK','air racing'
203,'Bradley Mello','M','UK','automobile racing'
204,'Victoria Sawyer','M','UK','drag racing'
205,'Ananda Mathew','M','UK','Grand Prix racing'
206,'Lyndsay Bello','M','UK','gymkhana'
207,'Edward Gillette','M','UK','hill climb'
208,'Isabella Popp','M','UK','karting'
209,'Yasmine Prather','M','UK','midget-car racing'
210,'Emily Lea','M','UK','offroad racing'
211,'Stacie Albert','M','UK','rally'
212,'Mariela Eller','M','UK','speedway racing'
213,'Immanuel Johnson','M','UK','sports-car racing'
214,'Katy Carl','M','UK','stock-car racing'
215,'Kade Swafford','M','UK','ballooning'
216,'Garrett Pool','M','UK','bullfighting'
217,'Daijah Messer','M','UK','rejoneo'
218,'Alysa Donnelly','M','UK','bungee jumping'
219,'Yasmeen Dow','M','UK','camel racing'
220,'Janna Marin','M','UK','canoeing'
221,'Rita Villasenor','M','UK','wild-water racing'
222,'Dale Connor','M','NZ','cockfighting'
223,'Tylor Sikes','M','NZ','cycling'
224,'Jill Custer','M','NZ','cycle ball'
225,'Emanuel Castellanos','M','NZ','cyclo-cross'
226,'Brian Ray','M','NZ','motor-paced race'
227,'Xavier Merriman','M','NZ','pursuit racing'
228,'Leonel Bowser','M','NZ','road race'
229,'Waylon Gibson','M','NZ','pursuit racing'
230,'Wilson Parris','M','NZ','road race'
231,'Kameron Liang','M','NZ','six-day race'
232,'Ashton Reyna','M','NZ','sprint'
233,'Charity Tompkins','M','NZ','dog racing'
234,'Guadalupe Wilcox','M','NZ','dogsled racing'
235,'Melia Lawson','M','NZ','fishing'
236,'Vicky Wellman','M','NZ','fly-fishing'
237,'Nayely Barton','M','NZ','gladiatorial sports'
238,'Candy Headley','M','NZ','venationes'
239,'Larissa Pruett','M','NZ','gliding'
240,'Sasha Marino','M','NZ','hang gliding'
241,'Earl Coughlin','M','NZ','paragliding'
242,'Sheyla Monroy','M','NZ','horsemanship'
243,'Emma Patton','M','CND','buzkashī'
244,'Donnie Timmons','M','CND','chariot racing'
245,'Parker Smart','M','CND','dressage'
246,'Valerie Whittington','M','CND','harness racing'
247,'Phoenix Edmonds','M','CND','horse racing'
248,'Avery Redden','M','CND','hurdle race'
249,'Jadyn Baum','M','CND','joust'
250,'Benjamin Galbraith','M','CND','point-to-point'
251,'Lamont Hamlin','M','CND','quarter-horse racing'
252,'Stephany Redmond','M','CND','show jumping'
253,'Esther Kang','M','CND','steeplechase'
254,'Heidy Bock','M','CND','hunting'
255,'Kobi Araujo','M','CND','coursing'
256,'Cullen Gilmore','M','CND','falconry'
257,'Kelsey Autry','M','CND','field trial'
258,'Sam Cordell','M','CND','foxhunting'
259,'Rodney Johns','M','CND','iceboating'
260,'Morris Rao','M','CND','motorcycle racing'
261,'Leanne Kelsey','M','CND','motocross'
262,'Jefferson Kunz','M','CND','motorcycle trial'
263,'Lizette Wilbur','M','CND','motor-paced race'
264,'Carly Helm','M','CND','offroad racing'
265,'Kristen Brinkman','M','CND','speedway racing'
266,'Cody Gore','M','CND','pigeon racing'
267,'Tyron Benedict','M','CND','polo'
268,'Galen Joe','M','CND','polocrosse'
269,'Angeles Hennessy','M','CND','rodeo'
270,'Aliza Fugate','M','CND','bareback bronc-riding'
271,'Antoinette Underwood','M','CND','bull riding'
272,'Kyndall Hudson','M','CND','calf roping'
273,'Randall Beal','M','CHN','steer roping'
274,'Saira Wirth','M','CHN','steer wrestling'
275,'Coleton Raines','M','CHN','team roping'
276,'Chaim Hillman','M','CHN','rowing'
277,'Jayden Dyson','M','CHN','skateboarding'
278,'Irma Goforth','M','CHN','skydiving'
279,'Daysha Hamlin','M','CHN','sledding'
280,'Sidney Hanley','M','CHN','bobsledding'
281,'Sergio Castle','M','CHN','lugeing'
282,'Zechariah Everhart','M','CHN','skeleton sledding'
283,'Nathen Hawks','M','CHN','tobogganing'
284,'Shelby Larue','M','CHN','surfing'
285,'Celina Darnell','M','CHN','windsurfing'
286,'Dorian Nance','M','CHN','tournament'
287,'Mohammad McGowan','M','CHN','mêlée'
288,'Theo Villareal','M','CHN','Badminton'
289,'Treyton Ely','M','CHN','Baseball 5'
290,'Tania Hendrix','M','CHN','Baseball Softball'
291,'Madilyn Danner','M','CHN','Basketball'
292,'Casandra Paquette','M','CHN','Basketball 3x3'
293,'Peyton Bohannon','M','SG','Beach Handball'
294,'Louie Cable','M','SG','Beach Volleyball'
295,'Mya Tubbs','M','SG','Biathlon'
296,'Alivia Ridenour','M','SG','Bobsleigh'
297,'Jazlynn Monson','M','SG','Boxing'
298,'Oliver Tomlinson','M','SG','Breaking'
299,'Kristi Walden','M','SG','swimming'
300,'Noemi Henson','M','SG','Badminton'